id,name,email
3,Linwood Considine,abrahamwolf@strosin.net
4,Devan Rath,jadynjerde@dietrich.info
5,Brayan Champlin,jaquanwaelchi@spinka.org
0,Marisa Zemlak,dejonmcglynn@orn.biz
2,Toy Barton,sydnieprice@thompson.biz
1,Keeley Howell,lavonnewiegand@kiehn.io
8,Tatyana Schiller,clarkgulgowski@kling.info
6,Lucienne Waters,elmerreinger@white.net
9,Matteo Greenfelder,saigegleason@cartwright.name
11,Devin Gerhold,freddyshanahan@olson.net
12,Odie Leffler,spencerwaelchi@wolf.net
10,Skyla Jaskolski,vincenzasawayn@senger.info
7,Juwan Thompson,connorboyer@blanda.name
13,Stefan Boehm,myrnarowe@jones.com
15,Kallie Kovacek,verdieschuppe@heaney.net
16,Marielle Pollich,rociojohnston@fadel.org
14,Adah Gottlieb,ciarakessler@cassin.biz
17,Lolita Collier,adolphkshlerin@swift.biz
21,Javier Quitzon,selmerhickle@von.com
18,Francesca Heidenreich,rashadschaefer@yundt.io
20,Zena Cummings,madonnakassulke@parisian.name
22,Jasper Parker,kadinpowlowski@williamson.com
24,Consuelo Bins,ellengreenfelder@raynor.org
19,Kiley Rippin,joeyschroeder@abshire.net
25,Luella Ziemann,hershellangworth@bogisich.com
23,Isom Feest,erlingpacocha@farrell.io
28,Mohamed Vandervort,abbigailbradtke@bechtelar.io
29,Jazlyn Kilback,ritafahey@rogahn.biz
30,Dan Jast,ricardorippin@schaefer.io
31,Rhoda Stracke,alanbauch@kub.com
32,Bart Schoen,bethkerluke@rohan.biz
26,Erna Feeney,karianegreenholt@abshire.com
27,Nikita Carroll,roslynbosco@kozey.net
33,Cyrus Medhurst,eulaliawintheiser@emmerich.org
36,Gladyce Kunde,donnaleffler@breitenberg.com
34,Geovanni Hodkiewicz,carriebotsford@kub.name
35,Darrion Runolfsson,wainobechtelar@hammes.name
37,Wilber Hane,damonschaden@anderson.name
38,Mavis Koch,antoinettefay@pagac.name
39,Fausto McGlynn,clovisparker@lockman.name
40,Meredith Pollich,omaschimmel@barrows.org
44,Clare Green,maceylabadie@stehr.net
45,Anastacio Daniel,bricebernier@powlowski.com
43,Clemmie OReilly,gretchenjohnson@leannon.info
41,Quinn McCullough,ludwigweber@hartmann.info
42,Bridgette Mohr,christyreichel@hartmann.name
46,Arnaldo Green,jenifermarquardt@tremblay.biz
50,Chad Jacobi,olgalehner@keeling.name
51,Steve Schmeler,annettamaggio@roberts.info
49,Aimee Labadie,jessycajacobson@runte.biz
48,Scot Bradtke,saigeglover@hodkiewicz.net
52,Paris Runte,richmondcasper@okuneva.info
53,Katheryn Mann,emmanuelleferry@dibbert.net
54,Cristina Hayes,zacherygrimes@carter.biz
47,Russel Skiles,celestinefriesen@schuster.net
55,Jacey Legros,josiekessler@zemlak.name
57,Spencer Daugherty,emilconroy@ankunding.info
56,Kelli Erdman,keenanmarvin@roob.com
61,Coralie Krajcik,pollykoss@brown.info
62,Braden Mosciski,allisonkub@beatty.name
63,Cyrus Pouros,shanelleabshire@gislason.info
58,Sheila McLaughlin,santinokozey@hudson.com
60,Jay Powlowski,oriebayer@rempel.info
64,Tyrese Lindgren,artauer@kris.name
65,Sage McClure,tyragrady@gibson.net
67,Ryleigh Schmeler,sidmann@heaney.biz
59,Terrell Torphy,asavolkman@thompson.org
66,Landen Herzog,adellheathcote@mccullough.com
68,Oma Konopelski,bryonhoppe@shields.com
69,Luis Schamberger,rodolfoturner@pouros.org
73,Unique Hermiston,teresawuckert@armstrong.net
74,Marie Goodwin,chanelokuneva@hermiston.org
71,Jay Hartmann,kearakeebler@rosenbaum.net
72,Chelsey Purdy,susanaklein@balistreri.com
75,Duane Breitenberg,citlallimcclure@bechtelar.name
76,Andre Harber,percivalvandervort@dare.org
77,Ansley Schoen,jailynwisozk@greenholt.info
78,Dessie Haag,heidiritchie@conroy.info
79,Marietta Abernathy,quintonledner@morar.biz
70,Austen Becker,kirstinschumm@mcclure.name
80,Timothy Franecki,caleighcrooks@hintz.io
83,Elwyn Mann,jeddenesik@medhurst.biz
84,Ibrahim Friesen,celinekozey@ritchie.org
81,Alfonso Schiller,orinfeest@monahan.io
86,Lamont Veum,tyshawnkassulke@ernser.name
85,Lilly OReilly,andrewgoyette@schamberger.io
87,Forest Wilkinson,helgahowe@wunsch.com
88,Kolby Gleason,adrianfisher@hagenes.com
82,Oswaldo Boyer,alessandrohowell@spencer.net
91,Aliya Emmerich,jalondubuque@cole.io
89,Lucienne Hartmann,wallaceschaden@heidenreich.org
90,Camille Hayes,niamarvin@hermiston.biz
92,Gonzalo Jones,aliacorkery@little.info
93,Eric Heidenreich,evieborer@ortiz.info
94,Khalil Kutch,marcelinaheaney@marks.net
95,Jarvis Feeney,terrencebuckridge@cummings.net
97,Harley Berge,leliaskiles@hills.info
96,Marianne Jenkins,lionelstanton@wilkinson.net
98,Favian Jerde,adamcruickshank@corwin.biz
99,Aiden Metz,joliebraun@lockman.info
